{
  "labels": [
    "L26H20",
    "L27H1",
    "L15H18",
    "L21H18",
    "L27H2",
    "L26H19",
    "L23H2",
    "L20H4",
    "L21H17",
    "L22H11"
  ],
  "layer_heads": [
    [
      26,
      20
    ],
    [
      27,
      1
    ],
    [
      15,
      18
    ],
    [
      21,
      18
    ],
    [
      27,
      2
    ],
    [
      26,
      19
    ],
    [
      23,
      2
    ],
    [
      20,
      4
    ],
    [
      21,
      17
    ],
    [
      22,
      11
    ]
  ],
  "cumulative_fraction": 0.8104647143973067,
  "total_positive": 4.4628682136535645,
  "top_p": 0.8,
  "exceeded_max": false,
  "n_correct": 1000,
  "n_examples": 1000
}