{
  "labels": [
    "L26H20",
    "L27H1",
    "L15H18",
    "L26H19",
    "L15H19",
    "L27H2",
    "L23H2",
    "L21H18",
    "L22H11"
  ],
  "layer_heads": [
    [
      26,
      20
    ],
    [
      27,
      1
    ],
    [
      15,
      18
    ],
    [
      26,
      19
    ],
    [
      15,
      19
    ],
    [
      27,
      2
    ],
    [
      23,
      2
    ],
    [
      21,
      18
    ],
    [
      22,
      11
    ]
  ],
  "cumulative_fraction": 0.8064163988471124,
  "total_positive": 5.783320426940918,
  "top_p": 0.8,
  "exceeded_max": false,
  "n_correct": 1000,
  "n_examples": 1000
}