{
  "labels": [
    "L77H47",
    "L77H43",
    "L71H4",
    "L77H42",
    "L75H30",
    "L71H5",
    "L75H26",
    "L71H1",
    "L75H28",
    "L75H27",
    "L71H6",
    "L55H20",
    "L53H21",
    "L57H8",
    "L79H32",
    "L35H19",
    "L35H17",
    "L38H49",
    "L35H43",
    "L60H48",
    "L53H1",
    "L78H2",
    "L39H40",
    "L39H11",
    "L77H12",
    "L39H45",
    "L78H47"
  ],
  "layer_heads": [
    [
      77,
      47
    ],
    [
      77,
      43
    ],
    [
      71,
      4
    ],
    [
      77,
      42
    ],
    [
      75,
      30
    ],
    [
      71,
      5
    ],
    [
      75,
      26
    ],
    [
      71,
      1
    ],
    [
      75,
      28
    ],
    [
      75,
      27
    ],
    [
      71,
      6
    ],
    [
      55,
      20
    ],
    [
      53,
      21
    ],
    [
      57,
      8
    ],
    [
      79,
      32
    ],
    [
      35,
      19
    ],
    [
      35,
      17
    ],
    [
      38,
      49
    ],
    [
      35,
      43
    ],
    [
      60,
      48
    ],
    [
      53,
      1
    ],
    [
      78,
      2
    ],
    [
      39,
      40
    ],
    [
      39,
      11
    ],
    [
      77,
      12
    ],
    [
      39,
      45
    ],
    [
      78,
      47
    ]
  ],
  "cumulative_fraction": 0.802666976424874,
  "total_positive": 7.900476932525635,
  "top_p": 0.8,
  "exceeded_max": false,
  "n_correct": 552,
  "n_examples": 600
}