{
  "labels": [
    "L26H20",
    "L27H1",
    "L23H2",
    "L15H18",
    "L27H2",
    "L21H18",
    "L15H19",
    "L26H19",
    "L26H8",
    "L24H3",
    "L22H11"
  ],
  "layer_heads": [
    [
      26,
      20
    ],
    [
      27,
      1
    ],
    [
      23,
      2
    ],
    [
      15,
      18
    ],
    [
      27,
      2
    ],
    [
      21,
      18
    ],
    [
      15,
      19
    ],
    [
      26,
      19
    ],
    [
      26,
      8
    ],
    [
      24,
      3
    ],
    [
      22,
      11
    ]
  ],
  "cumulative_fraction": 0.8055903362749147,
  "total_positive": 8.180331230163574,
  "top_p": 0.8,
  "exceeded_max": false,
  "n_correct": 999,
  "n_examples": 1000
}