{
  "labels": [
    "L26H20",
    "L27H1",
    "L23H2",
    "L15H18",
    "L21H18",
    "L27H2",
    "L26H8",
    "L20H4",
    "L22H11",
    "L26H19",
    "L21H17",
    "L20H3"
  ],
  "layer_heads": [
    [
      26,
      20
    ],
    [
      27,
      1
    ],
    [
      23,
      2
    ],
    [
      15,
      18
    ],
    [
      21,
      18
    ],
    [
      27,
      2
    ],
    [
      26,
      8
    ],
    [
      20,
      4
    ],
    [
      22,
      11
    ],
    [
      26,
      19
    ],
    [
      21,
      17
    ],
    [
      20,
      3
    ]
  ],
  "cumulative_fraction": 0.8224194876025653,
  "total_positive": 5.4287028312683105,
  "top_p": 0.8,
  "exceeded_max": false,
  "n_correct": 971,
  "n_examples": 1000
}